,No,Ticker,MarketCap,PE,FwdPE,PEG,PS,PB,PC,PFCF,EPSthisY,EPSnextY,EPSpast5Y,EPSnext5Y,Salespast5Y,Price,Change,Volume
0,1,ACIW,4.43B,75.21,45.00,6.27,3.39,3.99,33.08,19.91,19.00%,125.93%,-0.50%,12.00%,4.40%,38.43,-0.16%,"608,554"
1,2,ACRS,276.59M,-,-,-,46.10,6.81,5.18,-,-10.10%,26.70%,-57.10%,-,-,6.47,-2.27%,"373,915"
2,3,ACU,97.02M,14.92,13.21,1.49,0.62,1.66,32.34,19.40,23.00%,12.87%,3.30%,10.00%,5.80%,30.13,-2.43%,"13,524"
3,4,ADC,3.67B,36.03,38.05,-,16.00,1.58,249.65,-,8.40%,0.40%,9.50%,-0.90%,28.50%,66.58,1.49%,"315,917"
4,5,ADUS,1.85B,53.79,32.93,3.59,2.44,3.60,10.85,26.47,37.60%,18.14%,11.00%,15.00%,15.70%,117.09,0.92%,"61,737"
5,6,AESE,48.74M,-,-,-,2.12,1.07,8.40,-,-10.80%,53.10%,-,-,-,1.58,0.64%,"1,009,212"
6,7,AEYE,259.33M,-,-,-,14.02,29.02,-,-,-31.30%,33.30%,24.50%,-,83.10%,25.83,-5.00%,"41,683"
7,8,AFT,224.25M,-,-,-,8.61,0.98,-,-,-,-,-,-,-,14.40,0.49%,"43,953"
8,9,AGEN,620.70M,-,-,-,6.79,-,5.44,-,44.60%,0.00%,-2.30%,-,84.70%,3.18,-3.34%,"1,340,472"
9,10,AGM,785.57M,9.02,7.79,0.82,1.43,1.41,0.86,-,-1.60%,3.59%,20.90%,11.00%,21.80%,74.25,0.16%,"30,179"
10,11,AHCO,3.39B,-,26.30,-,3.41,4.80,12.46,-,130.30%,603.45%,-,15.58%,-,37.56,-0.82%,"450,352"
11,12,AKUS,735.30M,-,-,-,-,0.95,2.30,-,-328.10%,43.20%,-,-,-,19.83,4.04%,"85,960"
12,13,ALBO,710.06M,-,-,-,59.17,2.78,2.55,-,-28.00%,-11.70%,18.10%,-,-,37.51,-1.81%,"258,926"
13,14,ALG,1.64B,28.10,18.76,4.26,1.39,2.69,17.50,11.07,-10.60%,26.81%,9.30%,6.60%,5.90%,137.95,1.27%,"25,093"
14,15,ALPN,299.00M,-,-,-,65.00,4.16,2.12,9.06,13.50%,44.40%,12.20%,-,-,12.60,0.32%,"166,333"
15,16,ALRN,43.44M,-,-,-,-,3.25,3.06,-,44.10%,13.60%,-1.80%,2.10%,-,1.04,-4.59%,"1,071,395"
16,17,AMRK,182.88M,3.48,8.33,-,0.03,1.58,7.50,365.77,34.60%,-46.94%,34.00%,-,-2.10%,25.65,0.31%,"119,102"
17,18,AMSWA,559.23M,85.85,57.23,5.37,4.86,4.69,5.94,39.38,-3.90%,33.33%,-6.00%,16.00%,2.30%,17.17,0.94%,"67,980"
18,19,AMTI,1.07B,-,-,-,-,7.17,7.28,-,6.10%,24.70%,-,38.70%,-,30.77,-8.31%,"70,411"
19,20,ANIK,656.72M,-,119.11,-,5.15,2.26,5.27,29.72,48.40%,174.50%,-5.50%,10.00%,1.70%,45.26,1.05%,"79,476"
0,21,APT,155.99M,7.69,4.48,0.51,1.84,2.77,6.29,8.57,-12.30%,39.11%,9.20%,15.00%,-0.40%,11.15,-1.24%,"1,148,691"
1,22,AQMS,172.56M,-,-,-,246.51,4.41,30.81,-,27.30%,-4.30%,-11.60%,35.00%,-,3.00,-1.64%,"2,168,579"
2,23,ARAY,378.01M,27.80,53.46,-,1.00,5.64,4.20,21.72,122.50%,387.50%,15.80%,-,0.20%,4.17,-0.48%,"621,424"
3,24,ARDC,327.45M,-,-,-,-,-,-,-,-,-,-,-,-,14.29,0.07%,"70,648"
4,25,ARDX,588.96M,-,-,-,73.62,4.40,3.18,-,9.30%,-20.00%,-53.50%,30.00%,-30.10%,6.47,-3.86%,"323,062"
5,26,ASND,9.02B,-,-,-,827.17,7.58,7.96,-,-48.00%,14.50%,-61.90%,24.00%,-0.90%,166.78,-2.00%,"74,233"
6,27,ASX,12.11B,14.67,16.36,0.43,0.77,1.71,5.54,4.36,-33.50%,11.56%,-,34.20%,-,5.84,-0.85%,"439,892"
7,28,ATEN,776.87M,78.88,19.07,3.43,3.48,6.32,4.88,18.95,38.20%,23.68%,20.50%,23.00%,3.40%,9.86,0.41%,"357,503"
8,29,ATHA,1.21B,-,-,-,-,1.00,5.35,-,0.70%,1.20%,-,-,-,34.25,4.90%,"129,947"
9,30,ATNI,657.72M,-,73.65,-,1.48,1.00,4.85,16.04,-155.10%,190.77%,-17.40%,20.00%,5.50%,41.76,-0.33%,"25,380"
10,31,ATRC,2.50B,-,-,-,11.89,5.87,10.72,-,-43.20%,13.00%,-8.80%,20.00%,16.50%,55.67,1.51%,"244,269"
11,32,ATRS,663.26M,70.00,15.96,-,4.63,10.23,12.71,161.77,69.90%,296.83%,45.90%,-,36.10%,3.99,-0.99%,"812,128"
12,33,AUVI,36.63M,-,-,-,6.10,5.40,6.21,73.26,288.90%,-,-,-,-,4.59,-6.52%,"181,841"
13,34,AVDL,395.06M,-,-,-,11.86,2.27,1.71,-,65.30%,-1785.70%,18.50%,15.00%,31.60%,6.68,-0.15%,"692,233"
14,35,AVEO,169.35M,-,-,-,28.70,3.70,2.46,-,238.20%,-12.00%,15.60%,-,9.70%,5.77,0.87%,"218,677"
15,36,AVO,1.03B,29.74,17.10,27.04,1.11,-,38.84,-,-1.00%,33.30%,-,1.10%,-,15.05,0.07%,"129,926"
16,37,AWH,687.64M,-,-,-,152.81,47.93,36.58,-,-8.50%,-13.30%,19.90%,-,12.50%,6.71,5.84%,"601,774"
17,38,AYTU,104.65M,-,-,-,2.64,0.80,2.76,-,91.30%,47.00%,-,-,153.90%,5.98,-0.99%,"611,093"
18,39,BASI,141.08M,-,307.50,-,2.33,17.83,100.77,-,-467.40%,109.80%,-40.40%,-,21.60%,12.30,10.91%,"184,761"
19,40,BBGI,43.09M,-,8.28,-,0.21,0.17,2.78,-,96.80%,118.00%,63.00%,-,34.80%,1.49,-3.87%,"192,009"
0,41,BBI,38.58M,-,-,-,15.43,1.16,1.91,-,13.60%,31.00%,19.10%,-,-12.30%,0.78,-3.21%,"1,150,725"
1,42,BBL,150.24B,16.89,17.76,3.19,3.50,2.80,11.12,18.57,-5.70%,-40.45%,19.60%,5.30%,-0.80%,53.03,-0.77%,"673,974"
2,43,BBSI,531.36M,13.73,13.83,0.92,0.60,2.64,3.59,-,26.00%,19.59%,30.30%,15.00%,8.20%,68.21,3.33%,"53,629"
3,44,BCOR,740.93M,-,9.58,-,0.99,2.13,4.89,-,-4.70%,64.36%,56.20%,20.00%,47.20%,15.91,-0.81%,"501,047"
4,45,BCS,34.69B,12.99,16.54,-,-,0.38,0.03,-,53.20%,87.94%,47.90%,-0.60%,1.70%,7.99,-0.50%,"2,017,726"
5,46,BDSX,583.83M,-,-,-,21.79,-,92.67,-,1.00%,90.60%,-,-,-,20.16,6.84%,"97,245"
6,47,BEAM,4.88B,-,-,-,203487.70,20.46,24.15,-,22.40%,12.60%,-,-,-,81.64,-1.07%,"936,147"
7,48,BIO,17.42B,4.99,52.11,0.28,7.32,1.96,15.09,47.21,456.30%,14.03%,80.40%,17.80%,1.20%,582.94,1.41%,"139,476"
8,49,BIOX,229.59M,69.66,4.94,-,1.29,4.88,3.85,-,115.30%,318.33%,-,-,-,6.20,8.87%,"95,378"
9,50,BLCT,366.63M,-,28.86,-,2.44,-,6.65,-,-78.70%,3600.00%,-,-,-,10.10,-0.79%,"131,826"
10,51,BLX,625.60M,8.62,-,1.02,3.02,0.61,0.38,-,672.00%,-,-3.80%,8.47%,5.20%,15.83,1.41%,"91,844"
11,52,BTG,5.88B,9.15,26.67,0.58,3.62,2.41,-,-,-45.50%,250.00%,2.90%,15.80%,-,5.60,-2.10%,"5,698,582"
12,53,BWAY,83.88M,-,-,-,3.94,4.57,-,-,74.00%,0.00%,-,-,-,7.54,10.23%,"86,655"
13,54,BWMX,1.18B,-,13.66,-,-,4.36,-,-,-,23.80%,-,-,-,34.15,-2.15%,"21,649"
14,55,BYSI,491.78M,-,-,-,-,15.44,15.92,-,36.20%,-32.80%,-48.10%,-,-,12.20,-7.99%,"389,083"
15,56,CALA,359.41M,-,-,-,-,2.82,2.61,-,-27.30%,8.50%,16.50%,-,-,4.91,-3.91%,"1,257,056"
16,57,CALT,839.52M,-,-,-,-,-,-,-,-,44.40%,-,-,-,33.62,-1.03%,999
17,58,CASI,378.07M,-,-,-,32.31,3.78,4.95,-,-48.00%,33.30%,12.10%,-,180.60%,2.95,-0.34%,"347,045"
18,59,CBAY,399.04M,-,-,-,-,2.53,2.47,-,-22.20%,-43.70%,10.40%,-,-,5.74,-2.38%,"4,248,910"
19,60,CBZ,1.44B,19.13,17.74,1.28,1.51,2.02,236.52,12.28,16.60%,8.46%,16.60%,15.00%,5.70%,26.61,-0.11%,"212,684"
0,61,CDAK,612.41M,-,-,-,437.43,-,-,-,-75.00%,76.20%,-,-,-,32.30,15.36%,"295,840"
1,62,CDNA,3.58B,-,240.70,-,21.12,13.22,16.74,206.84,60.30%,100.67%,-52.30%,20.00%,36.00%,72.45,-3.37%,"539,286"
2,63,CEA,9.84B,-,-,-,0.74,0.78,8.64,396.87,13.30%,-,-4.80%,-,6.10%,21.51,-1.33%,"14,278"
3,64,CERC,197.76M,-,-,-,34.10,5.18,5.92,-,64.30%,43.80%,1.40%,-,-,2.64,-2.94%,"183,863"
4,65,CERE,2.11B,-,-,-,-,-,-,-,-,71.60%,-,-,-,16.58,-3.15%,"157,846"
5,66,CERS,1.17B,-,-,-,10.93,10.48,8.66,-,-16.50%,13.50%,0.30%,-,20.80%,6.92,-3.49%,"1,467,351"
6,67,CGEN,1.03B,-,-,-,-,7.92,-,-,-5.10%,-27.00%,-13.10%,-,-,12.11,-6.20%,"1,528,340"
7,68,CHA,22.02B,7.00,6.97,1.01,0.37,0.40,-,-,-3.30%,7.42%,3.00%,6.90%,3.00%,27.55,-0.04%,"137,720"
8,69,CHE,8.50B,32.29,30.17,3.20,4.11,10.59,75.36,21.84,8.80%,-2.31%,19.00%,10.10%,5.90%,532.61,0.95%,"85,125"
9,70,CHFS,19.24M,-,-,-,2.83,0.70,1.07,-,-,42.90%,-,-,79.60%,6.97,-1.27%,"87,406"
10,71,CIG,4.30B,11.25,-,-,0.91,1.32,4.39,3.21,117.20%,-,-3.80%,0.00%,5.40%,2.88,0.70%,"2,355,620"
11,72,CMPR,2.28B,-,17.43,-,0.94,-,56.73,6.78,-136.10%,45.94%,-19.10%,20.00%,10.70%,87.74,1.14%,"113,289"
12,73,CMRE,1.03B,-,6.97,-,2.22,0.75,7.45,3.65,75.80%,17.97%,-15.80%,-,-0.20%,8.28,2.99%,"481,542"
13,74,CNNE,4.08B,2.70,-,-,5.88,1.24,10.05,-,434.20%,-102.10%,-14.00%,-,-5.90%,44.27,0.50%,"458,654"
14,75,CNOB,786.06M,11.41,9.26,1.14,2.61,0.88,2.76,6.08,14.30%,8.09%,21.40%,10.00%,23.60%,19.79,-0.20%,"78,266"
15,76,CNTG,243.30M,-,-,-,4.10,4.23,11.48,-,-83.90%,-15.10%,-,-,-,10.78,-3.23%,"47,037"
16,77,CNXC,5.00B,38.52,13.25,3.11,1.08,-,53.57,-,142.70%,22.50%,-,12.40%,-,98.70,-0.60%,"230,462"
17,78,COGT,747.36M,-,-,-,32.21,-,-,-,24.70%,68.30%,-,-,-,11.23,-1.58%,"180,427"
18,79,CRY,924.80M,-,127.62,-,3.63,2.75,14.43,-,149.90%,428.57%,-30.20%,2.00%,13.80%,23.61,2.21%,"84,622"
19,80,CSGS,1.47B,21.43,13.49,-,1.50,3.53,6.95,15.55,26.70%,10.60%,19.20%,-5.00%,5.80%,45.07,0.81%,"88,032"
0,81,CSTL,1.62B,-,-,-,25.72,8.04,8.85,157.31,127.60%,73.20%,-,-,-,67.15,-2.41%,"198,766"
1,82,CTG,91.13M,11.84,13.30,0.79,0.25,1.10,2.73,3.28,244.40%,-8.91%,-14.30%,15.00%,0.00%,6.12,-1.61%,"82,352"
2,83,CTO,242.84M,-,20.82,-,5.87,0.86,37.94,-,22.60%,-73.32%,24.70%,-,4.50%,42.16,1.84%,"107,865"
3,84,CTRN,501.77M,35.36,-,2.36,0.68,3.20,5.18,8.36,-13.70%,-,18.80%,15.00%,3.10%,49.68,2.24%,"102,588"
4,85,CUE,377.05M,-,-,-,101.91,4.24,4.11,-,14.00%,-1.30%,-,-,-,12.51,-2.87%,"252,438"
5,86,CVGI,278.44M,-,11.23,-,0.40,2.81,5.19,10.24,-55.40%,1825.00%,16.10%,12.00%,1.40%,8.65,1.53%,"235,242"
6,87,CVLG,259.92M,-,7.74,-,0.31,0.81,18.97,-,-80.20%,75.02%,-16.90%,5.00%,4.50%,14.81,-3.27%,"52,145"
7,88,CW,4.83B,20.86,15.49,-,2.03,2.69,11.31,19.99,11.20%,9.99%,15.60%,-,2.10%,116.35,0.08%,"184,003"
8,89,CXDO,125.36M,113.61,72.95,-,7.93,6.54,8.14,179.09,570.40%,11.76%,16.30%,-,13.70%,6.93,-1.35%,"18,017"
9,90,DLHC,118.36M,17.20,12.10,1.26,0.57,2.16,84.55,6.13,33.00%,24.19%,-9.00%,13.70%,26.20%,9.32,0.32%,"70,455"
10,91,DMS,710.00M,-,26.76,-,2.40,1.61,-,-,-150.80%,150.00%,-,-,-,12.04,0.42%,"128,317"
11,92,DXPE,380.58M,-,171.00,-,0.36,1.23,3.91,3.41,0.70%,-68.29%,21.30%,20.00%,-3.30%,22.23,-2.20%,"93,219"
12,93,DYN,995.40M,-,-,-,-,2.49,2.62,-,-208.90%,-0.40%,-,-,-,21.00,-5.02%,"107,562"
13,94,EAR,1.76B,-,-,-,30.68,-,25.09,-,-30.90%,25.50%,-,-,-,44.82,-6.45%,"196,339"
14,95,EBF,463.03M,16.84,-,3.37,1.24,1.58,5.52,15.86,1.50%,-,2.00%,5.00%,2.90%,17.85,1.88%,"111,346"
15,96,EBR,10.97B,-,25.89,-,-,0.83,-,-,-,-70.70%,-,-,-,6.99,-1.13%,"271,019"
16,97,EBR-B,11.14B,-,26.30,-,-,0.84,-,-,-,-70.70%,-34.13%,-,-,7.10,0.28%,221
17,98,EGOV,1.73B,28.83,25.83,2.88,4.25,6.19,7.34,44.07,-14.50%,-0.79%,4.70%,10.00%,5.40%,25.83,0.19%,"202,140"
18,99,EGY,109.24M,-,-,-,1.43,1.57,2.60,-,-102.90%,-,48.30%,2.00%,-7.90%,1.77,0.00%,"429,971"
19,100,EIGR,391.68M,-,-,-,-,3.95,3.13,-,19.30%,-14.50%,17.00%,-,-,12.29,9.73%,"1,308,265"
0,101,ELMD,86.92M,23.70,21.10,1.58,2.70,2.72,7.83,22.29,105.50%,89.80%,28.60%,15.00%,10.80%,9.81,-0.81%,"63,613"
1,102,EQ,133.43M,-,-,-,-,1.46,1.47,-,-35.50%,9.20%,-,-,-,5.35,-1.65%,"1,375,443"
2,103,EQNR,53.64B,-,11.92,-,1.10,1.57,2.91,-,-75.50%,129.50%,-14.60%,5.80%,-8.20%,16.42,-1.68%,"2,257,339"
3,104,ETNB,476.43M,-,-,-,-,1.92,2.17,-,-210.60%,-24.40%,-,16.00%,-,24.37,-4.73%,"177,575"
4,105,EVC,231.52M,-,7.05,-,0.95,0.90,1.70,24.63,-272.00%,400.00%,-22.70%,-,2.50%,2.75,-3.17%,"180,313"
5,106,EVRI,1.20B,-,53.53,-,2.92,-,4.99,-,36.70%,127.10%,2.80%,20.00%,-2.10%,13.81,0.88%,"1,383,656"
6,107,EXAS,21.29B,-,-,-,16.12,8.51,16.59,-,55.40%,50.60%,12.50%,-,244.80%,132.49,-2.15%,"742,008"
7,108,EXPI,4.43B,193.03,83.82,19.30,3.03,39.45,48.20,44.60,60.80%,67.33%,-,10.00%,136.10%,63.12,-5.93%,"956,512"
8,109,FBC,2.11B,5.28,6.72,2.64,2.57,1.06,3.22,-,18.80%,-32.82%,33.40%,2.00%,22.70%,40.76,0.34%,"402,782"
9,110,FBMS,672.88M,12.71,12.08,-,3.86,1.04,1.11,19.34,57.00%,21.71%,16.50%,-,32.50%,30.88,0.52%,"56,927"
10,111,FCAU,28.49B,7.80,5.97,0.39,-,1.05,-,-,-77.30%,388.70%,40.74%,20.11%,-,18.09,-0.17%,"2,551,308"
11,112,FCN,3.94B,23.06,18.05,2.93,1.62,2.70,12.95,16.35,43.20%,12.55%,31.40%,7.87%,6.00%,111.72,0.95%,"200,631"
12,113,FENC,196.53M,-,2.34,-,-,6.11,5.92,-,-23.00%,479.80%,-23.80%,-,-,7.45,4.34%,"76,665"
13,114,FIXX,521.94M,-,-,-,226.93,3.00,-,-,-26.80%,9.90%,-,-9.40%,-,11.29,-3.91%,"321,755"
14,115,FLNT,376.11M,139.74,27.95,3.49,1.22,1.93,24.42,30.83,-152.90%,153.33%,30.50%,40.00%,221.70%,5.31,-6.35%,"785,348"
15,116,FLUX,204.81M,-,-,-,10.56,38.31,33.03,-,1.50%,29.80%,-2.50%,-,88.10%,17.24,-11.27%,"654,359"
16,117,FORR,784.37M,63.10,22.53,6.31,1.73,4.52,10.74,37.00,-160.30%,17.72%,-23.80%,10.00%,8.10%,41.90,0.94%,"50,224"
17,118,FSTR,162.09M,3.22,18.13,0.32,0.31,0.92,17.43,-,233.00%,1.22%,10.00%,10.00%,1.50%,15.05,-0.53%,"44,117"
18,119,FTAI,1.99B,30.43,39.23,-,4.41,1.72,16.63,-,-134.50%,200.00%,75.10%,-14.10%,58.50%,23.46,2.71%,"444,760"
19,120,FTS,19.05B,23.65,15.64,-,-,1.61,-,-,24.50%,4.80%,-,-,-,40.82,-0.58%,"304,991"
0,121,GASS,89.68M,6.83,2.52,1.34,0.63,0.16,3.25,6.55,117.10%,68.41%,-30.40%,5.10%,1.80%,2.35,1.29%,"103,864"
1,122,GBIO,1.36B,-,-,-,-,4.50,4.84,-,-71.30%,15.30%,-,-,-,28.35,-8.13%,"213,978"
2,123,GFF,1.14B,17.36,11.42,0.85,0.47,1.34,5.21,16.12,11.60%,17.14%,35.30%,20.41%,10.20%,20.38,-0.20%,"149,832"
3,124,GH,12.95B,-,-,-,47.72,11.75,12.78,-,15.70%,34.60%,-,28.60%,-,128.88,2.17%,"836,510"
4,125,GHIV,558.03M,-,9.38,-,-,-,-,-,-,14.80%,-,-,-,13.13,0.38%,"6,102,908"
5,126,GLNG,1.06B,-,-,-,2.31,0.80,13.80,10.01,8.40%,83.30%,-30.70%,-,33.40%,9.64,1.05%,"882,862"
6,127,GLTO,319.38M,-,-,-,-,-,3.74,-,-121.30%,49.60%,-,47.60%,-,12.51,-5.58%,"14,596"
7,128,GMBL,81.34M,-,-,-,406.72,4.60,9.14,-,-36.50%,62.50%,-,-,-,6.35,-5.22%,"238,083"
8,129,GMRE,646.73M,-,57.28,-,7.24,1.70,307.97,-,-71.10%,221.10%,15.60%,9.00%,159.90%,13.06,-0.76%,"923,463"
9,130,GNCA,129.35M,-,-,-,92.39,6.72,1.48,-,30.00%,10.50%,36.40%,-,-,2.42,-7.98%,"326,758"
10,131,GRC,841.75M,31.69,21.07,2.11,2.34,2.65,8.98,-,-9.00%,36.28%,-0.10%,15.00%,-1.70%,32.45,0.22%,"35,043"
11,132,GRFS,12.62B,30.76,12.46,2.67,-,5.18,-,-,7.00%,8.00%,2.78%,11.50%,-,18.44,-0.32%,"350,287"
12,133,GRTX,254.52M,-,-,-,-,10.33,2.86,-,-96.20%,23.70%,-,56.30%,-,10.23,-5.19%,"33,483"
13,134,GSL,208.91M,6.63,5.79,0.55,0.75,0.48,2.11,2.00,122.80%,53.36%,15.40%,12.00%,13.50%,11.89,1.54%,"58,661"
14,135,GTEC,74.64M,-,-,-,1.36,1.70,7.18,-,336.00%,-,0.00%,14.00%,-,7.24,-5.24%,"120,343"
15,136,GTH,1.24B,-,-,-,20.53,1.47,4.32,-,-32.40%,44.70%,-,-,-,14.00,10.06%,"619,097"
16,137,HARP,456.44M,-,-,-,37.41,6.86,2.95,11.61,-123.30%,-2.40%,-,-,-,16.61,-0.12%,"141,364"
17,138,HCAT,1.84B,-,-,-,10.29,5.85,6.70,-,-295.50%,36.10%,-,-,-,43.53,0.65%,"175,882"
18,139,HCCI,507.15M,112.07,30.85,7.47,1.23,1.81,9.62,56.98,-43.40%,156.77%,24.10%,15.00%,5.60%,21.07,3.28%,"34,769"
19,140,HCKT,430.84M,69.18,14.64,5.12,1.73,3.12,9.97,12.03,-15.20%,46.06%,17.20%,13.50%,3.60%,14.39,2.79%,"88,144"
0,141,HDB,132.04B,139.63,26.47,5.87,-,23.40,-,-,5.20%,23.50%,14.05%,23.80%,-,72.26,0.36%,"809,747"
1,142,HEAR,337.04M,9.16,15.80,0.51,1.02,3.34,12.35,8.32,-58.30%,-21.38%,22.30%,18.00%,4.70%,21.55,-5.23%,"566,840"
2,143,HI,2.99B,-,12.65,-,1.19,2.83,9.88,11.69,-142.70%,9.73%,-19.80%,12.50%,9.50%,39.80,0.73%,"204,720"
3,144,HJLI,17.82M,-,-,-,-,2.61,3.18,-,72.30%,-1011.80%,-39.80%,-,-,8.65,7.86%,"164,991"
4,145,HLF,6.33B,18.51,11.38,-,1.18,-,6.12,11.10,10.70%,12.11%,5.30%,-0.50%,-0.30%,48.05,0.54%,"368,286"
5,146,HMC,50.37B,20.59,9.99,1.07,0.40,0.63,1.71,9.53,-24.80%,41.95%,-1.60%,19.20%,2.30%,28.25,0.32%,"370,367"
6,147,HMTV,417.92M,-,54.53,-,2.91,1.86,3.55,9.23,50.80%,226.70%,-18.60%,-,5.90%,10.36,-1.33%,"38,469"
7,148,HNGR,834.30M,20.86,20.46,2.09,0.81,25.87,5.66,5.23,-75.60%,388.64%,59.90%,10.00%,1.60%,21.99,0.96%,"67,044"
8,149,HNNA,64.03M,8.03,-,-,1.92,0.79,6.40,10.01,-25.10%,-,-3.60%,-,-5.70%,8.52,-3.29%,"24,235"
9,150,HOFT,380.87M,-,11.81,-,0.69,1.52,4.06,4.89,-57.50%,27.57%,4.30%,17.00%,20.10%,32.25,0.19%,"29,209"
10,151,HTGC,1.65B,13.31,10.60,2.66,5.85,1.40,-,-,-3.50%,0.00%,5.37%,5.00%,-,14.42,0.91%,"559,862"
11,152,HUIZ,354.13M,-,700.00,-,2.12,4.70,5.19,-,7.80%,-94.70%,-,-,-,7.00,0.00%,"38,516"
12,153,HURN,1.34B,-,23.98,-,1.45,2.33,17.99,8.98,162.20%,19.73%,-1.90%,13.50%,6.60%,58.95,0.05%,"122,964"
13,154,HYMC,478.14M,-,-,-,15.37,-,41.58,-,55.40%,91.10%,-,-,-,7.85,-1.51%,"67,792"
14,155,IAA,8.72B,49.72,34.25,-,6.43,-,40.34,37.46,4.40%,26.80%,-,-,9.90%,64.98,0.06%,"477,476"
15,156,IBN,50.00B,26.16,18.57,-,4.19,2.51,2.49,-,188.80%,38.65%,0.00%,-,9.10%,14.86,1.36%,"5,177,125"
16,157,IDA,4.79B,19.65,20.20,7.56,3.61,1.89,14.21,-,5.10%,2.95%,3.60%,2.60%,1.00%,96.03,0.83%,"256,790"
17,158,IDCC,1.89B,31.49,35.65,2.10,5.09,2.39,2.05,17.60,-50.60%,2.96%,-24.10%,15.00%,-5.20%,60.68,-0.26%,"109,425"
18,159,IDYA,413.98M,-,-,-,46.00,2.03,1.49,-,-90.50%,23.00%,-,-,-,14.00,9.80%,"228,640"
19,160,IEC,139.02M,21.68,-,-,0.76,3.63,463.41,15.98,39.90%,-,29.70%,-,7.50%,13.55,3.12%,"244,805"
0,161,IEP,11.75B,-,-,-,2.02,2.89,2.58,13.64,-441.70%,98.10%,-11.50%,-,-14.70%,50.67,0.84%,"211,114"
1,162,IGI,242.37M,-,-,-,-,-,-,-,-,-,-,-,-,22.36,-0.62%,"48,544"
2,163,IH,1.02B,584.52,-,-,21.35,-,43.06,-,-,-,-,-,-,18.12,-1.95%,"62,433"
3,164,IIIIU,-,-,-,-,-,-,-,-,-,-,-16.59%,13.00%,-,10.57,-0.94%,"127,449"
4,165,IIIV,1.02B,-,26.65,-,6.81,3.37,65.53,49.15,90.30%,24.48%,-,-,-,33.20,-0.51%,"174,453"
5,166,IIN,165.62M,-,53.71,-,1.65,1.81,5.47,-,-130.10%,191.90%,-20.70%,-,10.70%,18.10,-0.44%,"27,045"
6,167,IMMR,300.99M,-,17.92,-,9.71,5.62,5.37,-,-136.70%,125.00%,-45.40%,15.00%,-7.40%,11.29,-5.36%,"2,207,546"
7,168,IMNM,102.22M,-,-,-,-,-,15.26,-,-33.10%,79.10%,-,-,-,9.68,1.26%,"79,887"
8,169,IMRA,392.27M,-,-,-,-,4.04,4.08,-,-107.00%,-0.50%,-,-,-,22.05,3.38%,"16,698"
9,170,IMTX,714.73M,-,-,-,-,4.57,2.26,-,311.60%,70.30%,-,51.06%,-,10.79,-1.82%,"83,502"
10,171,INDO,55.80M,-,-,-,18.60,3.87,5.87,-,-246.40%,-2.10%,-,-,-,7.50,10.29%,"491,381"
11,172,ING,36.86B,11.44,8.71,28.61,1.17,0.56,0.22,-,1.50%,35.50%,19.90%,0.40%,-10.00%,9.44,0.53%,"2,526,075"
12,173,INMD,1.69B,34.46,21.61,2.50,9.49,7.51,7.20,26.16,129.40%,22.53%,-,13.80%,-,47.48,0.00%,"221,416"
13,174,INS,362.59M,37.04,18.74,-,9.91,8.20,-,30.73,75.30%,137.78%,60.10%,-,52.30%,40.11,-0.32%,"36,404"
14,175,INZY,502.38M,-,-,-,-,2.22,3.15,-,-183.20%,46.20%,-,-11.60%,-,20.64,-4.62%,"37,599"
15,176,IRMD,282.26M,72.15,45.60,4.12,8.28,4.60,5.67,41.51,50.70%,13.64%,31.40%,17.50%,19.70%,22.80,-2.98%,"21,993"
16,177,IRS,447.44M,1.20,-,0.09,0.40,0.31,4.80,-,91.20%,-,-28.90%,13.00%,94.90%,4.51,0.33%,"13,184"
17,178,ISBC,2.64B,13.02,10.08,1.25,2.63,0.94,3.42,22.44,5.10%,18.69%,14.50%,10.38%,9.50%,10.56,0.52%,"972,035"
18,179,ISSC,111.43M,34.14,-,1.71,5.16,3.98,8.84,53.06,74.90%,-,20.60%,20.00%,1.50%,6.52,0.54%,"10,192"
19,180,ITCI,2.50B,-,-,-,240.24,3.12,3.46,-,5.60%,10.20%,-20.10%,-,-,31.80,-1.30%,"1,018,609"
0,181,ITOS,1.19B,-,-,-,-,3.53,3.50,-,-32.20%,24.70%,-,-,-,33.82,1.84%,"67,343"
1,182,JAGX,115.24M,-,-,-,13.88,16.30,88.65,-,94.10%,-,-,40.00%,-,0.81,17.77%,"141,587,622"
2,183,JBSS,877.71M,16.85,16.92,-,1.01,4.05,1253.87,-,36.70%,3.56%,12.50%,-,-0.20%,78.86,-0.05%,"29,431"
3,184,JEF,6.28B,11.18,15.09,0.62,1.03,0.73,0.75,376.26,264.40%,-21.18%,39.10%,18.00%,-16.20%,24.60,2.03%,"1,231,910"
4,185,JHX,13.06B,89.07,-,5.94,4.92,11.15,33.44,28.62,5.30%,-,-3.60%,15.00%,9.50%,29.66,0.17%,"30,538"
5,186,JMP,75.92M,-,9.62,-,0.82,1.41,1.34,25.31,-218.70%,14.29%,-20.80%,-10.00%,-10.70%,3.85,-1.28%,"34,778"
6,187,JOUT,1.14B,20.53,16.81,1.47,1.92,2.99,-,29.12,7.00%,14.14%,38.10%,14.00%,6.70%,112.63,-0.51%,"15,463"
7,188,KB,15.97B,5.07,6.02,1.04,1.22,0.42,0.20,-,9.30%,-1.94%,18.40%,4.90%,4.70%,39.60,-0.10%,"52,547"
8,189,KBAL,443.34M,12.65,14.23,0.74,0.66,1.78,3.81,23.46,4.40%,40.00%,31.10%,17.00%,3.90%,11.95,-0.33%,"145,143"
9,190,KDNY,680.71M,-,-,-,25.31,7.45,4.17,-,15.00%,5.20%,-30.40%,9.00%,5.20%,15.86,-2.64%,"84,200"
10,191,KE,401.99M,21.90,8.93,-,0.33,1.00,5.48,21.16,-40.10%,2.87%,-4.30%,-,7.90%,15.99,1.07%,"48,525"
11,192,KEP,15.80B,188.77,8.96,7.55,0.30,0.25,3.08,-,-78.40%,38.38%,-23.30%,25.00%,0.60%,12.27,-0.41%,"155,558"
12,193,KIRK,261.41M,-,13.44,-,0.47,3.47,7.03,4.49,122.40%,56.47%,-42.00%,15.00%,3.50%,17.88,-4.33%,"452,789"
13,194,KOPN,211.12M,-,-,-,6.05,8.68,13.53,-,22.10%,-12.50%,4.00%,20.00%,-1.50%,2.43,0.83%,"604,873"
14,195,KROS,1.62B,-,-,-,647.56,10.89,12.10,-,-824.00%,38.60%,-,-,-,70.54,-2.14%,"108,046"
15,196,KRTX,2.71B,-,-,-,-,7.58,7.86,-,-106.20%,-50.20%,-,-,-,101.59,-1.96%,"82,585"
16,197,KT,5.75B,9.76,5.62,2.38,0.27,0.43,1.55,1.52,-10.10%,55.56%,20.60%,4.10%,1.80%,11.01,-0.27%,"438,063"
17,198,LAUR,3.07B,-,100.41,-,1.89,1.66,4.28,8.54,-118.70%,117.70%,15.60%,15.00%,-5.90%,14.56,-1.22%,"551,441"
18,199,LEAF,159.68M,-,-,-,0.83,2.66,4.84,37.14,-9.60%,-56.70%,40.30%,15.00%,-2.10%,4.65,0.00%,"247,624"
19,200,LFC,138.69B,7.98,8.44,0.13,1.14,0.98,11.21,2.86,411.50%,-6.43%,12.60%,62.30%,10.70%,11.06,0.55%,"180,113"
0,201,LGL,66.21M,37.21,-,1.86,2.03,3.32,2.89,24.52,442.30%,-,26.90%,20.00%,6.70%,12.54,2.37%,"29,673"
1,202,LINC,197.99M,15.44,13.98,1.03,0.69,3.57,7.47,-,130.60%,78.85%,16.30%,15.00%,6.10%,6.50,0.46%,"150,833"
2,203,LIZI,178.98M,-,9.60,-,0.81,6.58,3.31,-,-375.80%,229.00%,-,-,-,3.88,1.31%,"350,988"
3,204,LOGC,253.70M,-,-,-,87.48,8.12,-,-,41.50%,5.40%,-,-,-,7.63,-4.39%,"106,224"
4,205,LOPE,4.36B,17.94,15.23,-,5.32,2.87,24.23,16.63,13.50%,11.57%,17.80%,-,2.40%,93.11,0.64%,"126,036"
5,206,LOV,140.34M,-,2.97,-,0.65,0.96,9.36,12.00,-168.00%,225.45%,-,-,-,5.32,6.61%,"236,271"
6,207,LOVE,642.04M,-,123.11,-,2.27,7.37,13.46,29.05,67.50%,105.88%,-,30.00%,-,43.09,-4.10%,"266,913"
7,208,LPCN,88.69M,-,-,-,-,6.18,4.72,-,8.00%,29.70%,20.60%,-,-,1.36,3.82%,"2,047,985"
8,209,LPL,6.17B,-,17.22,-,0.29,0.61,2.08,-,81.50%,177.80%,-38.70%,9.40%,-2.40%,8.44,-0.24%,"229,683"
9,210,LRN,881.04M,18.41,15.61,0.92,0.76,1.18,2.85,17.21,-33.70%,3.42%,15.60%,20.00%,1.90%,21.23,-1.62%,"433,424"
10,211,LSXMK,10.00B,61.89,27.02,-,1.26,1.59,-,-,-80.00%,436.70%,-,-5.00%,-,43.51,0.79%,"353,796"
11,212,LTRN,120.31M,-,-,-,-,5.55,5.78,-,-40.60%,-22.00%,-,-,-,19.25,-0.41%,"53,802"
12,213,LYRA,148.20M,-,-,-,-,1.82,1.82,-,-170.50%,10.80%,-,-4.80%,-,11.40,1.33%,"71,819"
13,214,MATX,2.44B,20.11,17.11,1.34,1.10,2.75,192.31,11.17,-29.20%,-6.46%,2.50%,15.00%,5.10%,56.97,1.21%,"189,495"
14,215,MEC,278.87M,-,26.16,-,0.76,1.35,2788.68,9.96,-129.90%,227.50%,-,-,-,13.42,0.52%,"14,432"
15,216,MEDS,43.91M,-,36.99,-,2.61,3.95,6.65,-,60.00%,800.00%,34.70%,-,37.80%,5.29,-2.40%,"50,187"
16,217,MFC,34.55B,8.65,5.68,0.98,0.61,0.91,1.65,2.55,27.60%,15.43%,9.10%,8.82%,7.90%,17.82,1.02%,"1,613,755"
17,218,MGLN,2.12B,42.11,24.94,-,0.41,1.34,17.88,-,137.80%,262.27%,-4.70%,-1.30%,13.70%,82.84,0.58%,"86,960"
18,219,MGRC,1.61B,16.97,16.14,1.70,2.82,2.44,1072.26,12.06,21.50%,6.32%,17.60%,10.00%,6.90%,67.10,1.81%,"105,434"
19,220,MIRM,520.48M,-,-,-,-,3.65,3.89,-,-202.90%,-21.80%,-,-,-,17.46,-4.07%,"412,121"
0,221,MITK,744.45M,97.69,24.69,6.51,7.35,5.63,12.41,31.95,-7.50%,16.50%,18.00%,15.00%,31.90%,17.78,-1.00%,"424,460"
1,222,MIXT,260.99M,34.21,59.11,19.44,1.99,2.57,7.72,1.63,-26.40%,-5.75%,6.50%,1.76%,9.10%,12.59,1.78%,"51,074"
2,223,MLHR,1.96B,-,10.44,-,0.82,2.66,6.44,16.81,-105.80%,-0.61%,-15.90%,-,3.00%,33.80,0.81%,"561,232"
3,224,MNKD,718.24M,-,-,-,11.46,-,13.71,-,56.00%,38.90%,36.50%,35.60%,-,3.13,-6.85%,"3,869,307"
4,225,MNOV,237.59M,-,-,-,-,3.19,3.85,-,16.00%,0.00%,4.70%,20.00%,-,5.26,1.74%,"203,836"
5,226,MNSO,8.02B,-,32.99,-,-,-,-,-,-,105.10%,-,3.43%,-,26.39,0.08%,"679,311"
6,227,MNTX,103.92M,-,15.40,-,0.59,1.47,-,6.54,39.70%,512.50%,-23.20%,30.00%,4.90%,5.16,-0.77%,"26,388"
7,228,MOTS,29.93M,-,-,-,149.64,1.93,1.26,-,37.50%,21.90%,-,-,-,0.95,0.74%,"517,600"
8,229,MPLN,5.46B,-,159.80,-,5.88,1.03,1705.77,-,-,112.20%,-,-,-,7.99,-5.78%,"4,208,579"
9,230,MRAM,85.97M,-,-,-,2.06,4.84,6.19,-,21.90%,100.00%,-0.80%,20.00%,8.50%,4.60,0.00%,"186,741"
10,231,MREO,242.52M,-,-,-,-,-,-,-,-,-,-,-,-,3.58,0.85%,"795,696"
11,232,MRKR,69.66M,-,-,-,99.51,1.96,2.17,-,93.90%,-13.60%,54.40%,-,-,1.45,-4.61%,"197,451"
12,233,MRNS,436.39M,-,-,-,2181.97,4.73,4.78,-,-10.60%,29.30%,14.50%,20.00%,-,12.20,-1.05%,"309,429"
13,234,MRSN,1.88B,-,-,-,2084.75,7.19,6.93,-,76.80%,0.00%,-,-,-,26.61,0.11%,"837,066"
14,235,MRVI,7.56B,153.28,43.15,-,34.09,-,60.50,-,52.20%,71.10%,-,-,-,28.05,0.29%,"668,864"
15,236,MSEX,1.26B,33.32,32.87,12.34,8.99,3.70,236.96,-,2.60%,2.80%,12.30%,2.70%,2.80%,72.47,0.76%,"24,139"
16,237,MSON,225.25M,-,-,-,3.26,1.51,6.45,-,-50.00%,61.40%,-30.70%,30.00%,23.00%,12.50,6.38%,"97,167"
17,238,MTCR,202.79M,-,-,-,-,2.07,1.86,-,-12.10%,0.40%,-,-,-,7.86,-2.24%,"29,103"
18,239,MTEM,488.84M,-,-,-,22.74,5.46,4.21,-,-79.60%,-1.90%,14.10%,-,8.60%,9.39,-0.95%,"385,887"
19,240,MTRX,283.77M,-,17.14,-,0.30,0.95,3.45,-,-222.50%,179.57%,-31.70%,10.00%,-3.90%,11.02,-1.08%,"352,590"
0,241,NBSE,166.50M,-,-,-,-,5.18,5.20,-,72.00%,-21.20%,39.20%,4.00%,-,6.99,-3.05%,"156,085"
1,242,NBY,26.83M,-,-,-,2.74,1.99,2.00,-,-25.30%,53.10%,42.40%,-,44.30%,0.70,-3.98%,"1,151,878"
2,243,NCNA,209.59M,-,-,-,-,1.06,1.54,-,-53.50%,-13.40%,-,-,-,4.49,-0.44%,"103,725"
3,244,NEA,4.21B,296.08,-,-,15.58,1.05,-,-,-,-,-,-,-,15.10,0.87%,"598,314"
4,245,NEO,5.98B,-,178.28,-,14.06,8.93,21.08,-,16.20%,325.35%,30.80%,20.00%,36.20%,53.84,-0.61%,"601,877"
5,246,NEW,525.08M,-,0.81,-,1.13,6.61,50.49,-,47.50%,175.05%,-,-,-,5.82,-14.03%,"660,602"
6,247,NGVC,309.42M,15.51,17.84,3.04,0.30,1.79,10.86,9.26,112.30%,13.24%,4.20%,5.10%,10.70%,13.74,0.07%,"127,733"
7,248,NLTX,436.96M,-,-,-,-,3.81,2.17,-,-91.30%,-41.70%,1.30%,31.10%,-,14.10,-1.54%,"322,961"
8,249,NM,37.19M,-,-,-,0.08,-,0.36,0.77,48.30%,-,-13.30%,16.00%,-3.10%,2.25,1.81%,"149,259"
9,250,NNVC,30.34M,-,-,-,-,1.00,1.39,-,-2.00%,70.00%,-25.20%,-,-,2.87,-6.82%,"549,105"
10,251,NREF,86.07M,-,9.44,-,3.95,0.66,4.78,-,0.00%,18.48%,0.00%,-,-,16.52,2.55%,"24,127"
11,252,NSCO,365.77M,-,-,-,1.23,-,228.61,10.08,-288.70%,17.10%,-,-,-,7.37,0.96%,"418,567"
12,253,NUO,286.75M,22.17,-,-,18.18,0.89,-,-,-,-,-,-,-,15.65,0.22%,"24,703"
13,254,NVCN,27.48M,-,-,-,13.68,32.81,-,-,79.70%,50.00%,-,-,-,0.95,-2.01%,"1,257,152"
14,255,NVGS,602.80M,-,7.91,-,1.88,0.65,9.88,8.79,-190.20%,855.17%,-17.00%,9.00%,-0.20%,10.95,-0.18%,"51,392"
15,256,NVS,232.36B,30.58,14.86,3.79,4.69,3.96,21.38,46.63,-43.60%,10.45%,-6.50%,8.06%,-1.90%,94.43,0.07%,"912,589"
16,257,OCCI,44.65M,-,-,-,4.03,1.08,-,-,-,-,-,-,-,12.47,2.89%,"26,565"
17,258,OIIM,248.59M,69.02,26.01,3.63,3.41,3.17,6.11,-,-343.90%,82.90%,19.10%,19.00%,-0.90%,9.18,1.44%,"835,681"
18,259,OLB,31.86M,-,-,-,3.32,5.09,7.77,-,4.30%,75.90%,23.80%,-,137.40%,4.94,5.11%,"27,223"
19,260,OLMA,1.79B,-,-,-,-,-,14.00,-,-96.40%,-22.30%,-,-,-,48.08,-1.39%,"73,773"
0,261,OPEN,12.37B,-,-,-,3.45,-,-,-,-,-3.80%,-,-,-,22.73,-6.35%,"3,764,934"
1,262,OPT,473.36M,-,-,-,-,-,-,-,-,-,-,-,-,11.22,0.95%,"9,775"
2,263,ORAN,31.22B,9.99,10.47,0.66,0.60,0.89,-,-,63.70%,6.79%,20.50%,15.10%,1.40%,11.86,-1.25%,"475,433"
3,264,ORC,380.38M,121.40,5.38,-,6.58,0.91,1.90,-,150.70%,1485.70%,-29.50%,-,29.90%,5.22,0.38%,"802,641"
4,265,ORGO,974.01M,-,-,-,3.18,12.15,26.69,-,52.70%,-700.00%,-,-,-,7.53,1.07%,"637,944"
5,266,ORIC,1.18B,-,-,-,-,5.57,6.35,-,-25.80%,37.10%,-,-,-,33.85,-7.69%,"376,576"
6,267,ORPH,372.31M,-,-,-,-,-,-,-,-,-24.50%,-,-,-,10.73,-1.20%,"11,475"
7,268,OSW,705.54M,-,-,-,2.75,1.96,14.92,-,-52.00%,65.00%,-,-,-,10.14,1.65%,"612,527"
8,269,OUT,2.85B,-,53.15,-,2.05,2.93,4.12,50.72,24.90%,169.80%,-18.40%,10.00%,5.70%,19.56,2.89%,"1,197,202"
9,270,OXBR,10.68M,-,-,-,7.63,1.36,1.87,-,94.70%,-,-15.60%,-,-31.30%,1.87,-10.95%,"761,012"
10,271,PAR,1.35B,-,-,-,6.47,17.16,24.13,-,36.20%,61.60%,-44.83%,18.00%,-3.00%,62.79,-0.29%,"150,719"
11,272,PAYA,1.54B,-,71.47,-,7.60,0.39,15440.46,-,687.50%,111.10%,-,-,-,13.58,-1.95%,"171,963"
12,273,PCSB,262.21M,26.66,23.97,-,4.34,0.89,1.55,22.60,18.60%,13.68%,84.40%,-,16.50%,15.94,0.50%,"21,309"
13,274,PETQ,1.06B,-,27.62,-,1.38,3.61,18.36,52.28,-60.60%,155.41%,9.50%,25.00%,34.40%,38.45,4.23%,"484,886"
14,275,PHAS,99.22M,-,-,-,90.20,22.40,2.52,-,-46.70%,17.00%,-,-,-,3.36,-4.00%,"459,237"
15,276,PHG,49.04B,35.73,25.25,8.72,2.06,3.43,-,-,-6.70%,10.97%,39.70%,4.10%,-1.90%,54.17,-0.53%,"250,209"
16,277,PHX,51.24M,-,-,-,2.13,0.69,4.79,5.69,42.10%,0.00%,-35.30%,-,-15.70%,2.30,0.00%,"109,728"
17,278,PINE,109.88M,85.17,68.14,-,6.21,0.88,91.56,-,-10.70%,100.00%,-,-,-,14.99,3.24%,"52,659"
18,279,PIRS,141.43M,-,-,-,3.16,3.13,1.71,-,-10.90%,-10.80%,-10.70%,-,53.90%,2.50,-5.66%,"377,339"
19,280,PKX,21.36B,23.25,4.74,4.65,0.40,0.49,1.33,3.73,9.10%,30.57%,24.90%,5.00%,-0.10%,62.31,-0.05%,"57,098"
0,281,PLYM,366.45M,-,-,-,3.58,1.44,23.80,29.55,50.00%,44.50%,27.30%,-,92.60%,15.00,1.63%,"154,709"
1,282,PRDO,867.68M,7.23,7.52,0.48,1.29,1.68,2.39,7.48,25.50%,10.31%,19.70%,15.00%,-7.20%,12.63,0.64%,"236,656"
2,283,PRFT,1.57B,46.26,17.41,3.86,2.64,3.93,31.46,16.66,57.10%,12.63%,10.50%,12.00%,4.40%,47.65,-0.17%,"110,174"
3,284,PRGS,2.02B,35.81,14.06,3.58,4.63,5.53,8.80,19.50,-44.00%,8.80%,-9.50%,10.00%,4.40%,45.19,1.32%,"203,431"
4,285,PRSC,1.99B,88.92,21.09,8.89,1.47,4.74,10.84,6.21,-180.20%,-10.13%,-19.60%,10.00%,6.70%,138.63,0.53%,"53,713"
5,286,PRTK,283.14M,-,-,-,7.10,-,1.89,-,-10.20%,75.70%,12.90%,-,30.70%,6.26,0.97%,"650,698"
6,287,PSO,6.76B,19.91,18.77,-,1.42,1.24,-,25.18,-55.00%,29.02%,6.60%,-3.20%,-3.10%,9.18,-1.18%,"256,037"
7,288,PSTX,668.62M,-,-,-,-,2.04,1.96,-,-94.90%,10.30%,-,2.70%,-,10.97,-1.88%,"187,112"
8,289,PTN,179.34M,-,-,-,-,2.05,2.07,-,-158.00%,50.00%,8.10%,-,-60.90%,0.68,-6.18%,"4,967,919"
9,290,PTSI,277.34M,-,11.61,-,0.59,2.07,10.88,28.01,-65.50%,90.95%,-4.40%,20.00%,4.60%,49.00,3.14%,"8,402"
10,291,PUK,47.63B,36.71,9.67,4.08,1.36,2.51,6.12,-,-32.70%,12.02%,-2.90%,9.00%,9.30%,36.93,-0.38%,"93,126"
11,292,PWFL,231.67M,-,78.21,-,1.94,2.81,-,-,-74.40%,123.10%,9.30%,30.00%,12.40%,7.43,3.48%,"121,765"
12,293,PZG,39.71M,-,-,-,49.64,0.84,8.82,-,-1.00%,-,18.30%,-,39.80%,1.17,0.00%,"132,478"
13,294,QADA,1.26B,410.26,66.30,41.03,4.14,11.06,-,64.48,-286.10%,12.12%,-24.90%,10.00%,1.00%,63.18,1.22%,"79,264"
14,295,QNST,1.11B,36.46,31.67,1.46,2.20,4.12,10.83,20.61,-71.40%,20.46%,22.50%,25.00%,11.70%,21.44,-0.51%,"141,444"
15,296,QTT,509.09M,-,34.57,-,0.59,-,7.40,-,32.00%,113.90%,-,-,-,1.59,-2.45%,"3,306,909"
16,297,RADA,433.10M,154.76,41.14,-,6.44,6.17,17.90,-,-398.50%,95.87%,-25.20%,-,14.50%,9.75,-0.91%,"183,469"
17,298,RAVN,1.21B,54.60,42.59,5.46,3.41,3.64,31.57,33.87,-31.60%,20.84%,2.60%,10.00%,0.20%,33.09,1.32%,"119,871"
18,299,RCEL,401.76M,-,-,-,25.00,-,-,-,18.40%,11.20%,-,-,-,18.58,-1.90%,"110,603"
19,300,RDNT,994.35M,-,41.03,-,0.93,6.40,11.09,5.46,-55.70%,318.20%,55.90%,15.00%,10.00%,19.57,1.66%,"172,032"
0,301,RELX,46.46B,27.90,19.39,3.93,4.60,16.89,176.60,35.50,8.80%,11.19%,12.50%,7.10%,6.40%,24.66,-0.40%,"237,162"
1,302,REPH,72.76M,-,-,-,0.98,-,-,-,105.30%,40.00%,15.70%,-,-,2.85,-2.40%,"795,826"
2,303,RETA,4.28B,-,-,-,503.79,22.44,7.40,-,-228.10%,-25.40%,-,-,-12.60%,123.62,-1.11%,"178,894"
3,304,RGCO,194.76M,18.31,16.63,-,3.09,2.18,649.19,-,20.40%,6.72%,12.60%,-,-1.50%,23.78,-0.08%,"19,869"
4,305,RIO,124.16B,17.07,10.78,-,2.97,3.10,13.87,98.31,-38.10%,-1.43%,6.80%,-7.10%,-2.00%,75.22,-1.01%,"1,005,439"
5,306,RKDA,34.41M,-,-,-,26.47,2.41,3.37,-,-26.50%,33.20%,15.00%,14.96%,-30.10%,2.53,1.61%,"524,624"
6,307,RLMD,543.59M,-,-,-,-,4.21,4.42,-,71.80%,-40.70%,37.90%,-,-,32.07,1.81%,"85,845"
7,308,RNET,123.51M,-,-,-,0.55,19.00,7.31,15.25,70.20%,-220.00%,-25.40%,3.00%,-6.00%,5.89,-3.92%,"173,248"
8,309,RRBI,367.66M,13.19,14.64,-,4.86,1.31,1.32,58.36,-0.40%,-4.11%,14.00%,-,8.80%,49.55,-0.86%,"8,617"
9,310,SACH,91.40M,12.31,9.79,-,5.78,1.10,16.93,-,-36.70%,7.59%,20.20%,-,51.90%,4.16,1.46%,"29,049"
10,311,SALM,27.93M,-,-,-,0.12,0.21,1.45,1.15,-761.50%,100.00%,-47.60%,7.00%,-1.00%,1.04,-5.45%,"415,686"
11,312,SAMG,201.13M,12.41,9.00,1.22,1.87,1.91,4.17,10.99,-15.30%,16.45%,9.40%,10.20%,8.00%,13.89,-2.53%,"26,506"
12,313,SBBP,165.24M,-,-,-,5.88,1.83,-,-,-242.50%,21.00%,-16.70%,20.00%,-,2.43,-3.57%,"227,491"
13,314,SCI,8.49B,19.31,19.13,1.67,2.50,4.96,38.53,23.36,-13.60%,-1.27%,20.20%,11.54%,1.50%,49.10,1.11%,"571,264"
14,315,SESN,173.25M,-,-,-,15.47,-,4.12,-,-116.80%,-105.30%,13.00%,-,-,1.35,-2.88%,"3,741,888"
15,316,SHG,14.99B,4.75,4.98,-,1.09,0.37,0.08,-,6.40%,1.19%,10.80%,-7.40%,5.40%,29.76,0.78%,"61,780"
16,317,SI,1.45B,69.06,52.70,-,18.68,4.89,5.85,-,12.90%,11.90%,-,-,-,74.31,0.16%,"1,060,101"
17,318,SIEN,193.68M,-,-,-,2.70,10.81,3.05,-,19.20%,31.00%,-46.50%,20.00%,13.30%,3.89,-1.77%,"467,518"
18,319,SLCT,167.05M,23.68,17.97,-,2.82,0.79,0.58,7.42,-21.20%,52.75%,21.50%,-,17.50%,9.47,-2.07%,"17,727"
19,320,SLF,25.77B,14.11,9.76,1.95,0.91,1.42,3.52,5.30,6.30%,8.30%,9.00%,7.22%,4.80%,44.46,0.84%,"461,101"
0,321,SLGG,41.26M,-,-,-,27.51,2.25,4.01,-,-57.10%,56.20%,-,-,-,2.83,-5.03%,"364,198"
1,322,SLGL,227.72M,-,-,-,21.28,3.93,8.31,-,30.10%,-34.50%,-,-,-,9.79,0.00%,"8,392"
2,323,SLNO,156.95M,-,-,-,-,3.22,-,-,-59.70%,9.30%,38.50%,15.00%,-,1.93,-0.52%,"294,962"
3,324,SLP,1.44B,142.98,104.23,9.53,34.70,8.43,12.44,225.54,5.90%,25.91%,17.40%,15.00%,17.80%,71.92,-1.37%,"97,262"
4,325,SLRX,17.48M,-,-,-,3.64,0.79,1.82,-,93.00%,18.50%,28.30%,-,-,0.91,2.02%,"501,420"
5,326,SMED,152.05M,126.00,82.17,5.60,3.00,5.22,22.36,-,939.30%,283.33%,13.10%,22.50%,10.60%,9.45,1.83%,"54,341"
6,327,SMP,910.75M,13.09,12.92,1.87,0.84,1.66,54.21,10.77,22.10%,-2.88%,5.90%,7.00%,3.00%,40.46,-0.22%,"110,506"
7,328,SNCR,213.14M,-,-,-,0.68,3.73,4.59,7.69,48.40%,-783.30%,-41.80%,10.00%,-7.60%,4.70,1.51%,"391,860"
8,329,SNE,128.95B,14.00,22.47,2.69,1.61,2.55,3.02,13.60,-34.80%,-11.57%,43.50%,5.20%,0.10%,101.10,0.32%,"669,738"
9,330,SNN,18.11B,47.28,20.01,10.28,3.86,3.70,52.20,-,-9.60%,57.24%,4.20%,4.60%,2.20%,42.17,-0.45%,"176,158"
10,331,SNX,4.16B,8.59,5.84,0.93,0.17,1.01,-,3.01,22.20%,13.78%,16.30%,9.23%,11.40%,81.44,-0.13%,"243,225"
11,332,SNY,122.78B,8.95,12.85,1.19,2.68,1.85,-,-,-32.80%,10.43%,-6.40%,7.50%,3.30%,48.59,0.48%,"2,751,137"
12,333,SQZ,709.14M,-,-,-,28.65,-,6.16,-,-59.10%,52.90%,-,-,-,28.98,-3.53%,"29,994"
13,334,SRDX,601.45M,565.19,170.67,56.52,6.34,4.48,9.84,58.39,-85.20%,100.79%,-38.20%,10.00%,8.90%,43.52,1.07%,"41,799"
14,335,SRRA,180.50M,-,-,-,1804.98,1.59,1.66,-,-0.50%,21.30%,-7.90%,-,-,16.03,0.25%,"41,196"
15,336,SRRK,1.63B,-,-,-,83.84,23.00,14.07,-,41.20%,0.40%,-,-,-,48.53,-5.05%,"131,257"
16,337,SSKN,48.98M,-,-,-,1.94,1.95,4.41,17.49,42.40%,42.90%,62.10%,25.00%,103.10%,1.50,0.00%,"23,578"
17,338,SSSS,262.32M,23.63,6.71,-,201.79,0.92,4.33,-,-9.60%,88.41%,63.60%,-,51.70%,13.09,-1.50%,"420,499"
18,339,SUNS,232.07M,18.03,12.05,3.61,6.83,0.92,-,-,-9.90%,-5.50%,0.64%,5.00%,-,14.46,1.97%,"63,877"
19,340,SWM,1.25B,14.35,11.66,2.87,1.21,1.98,18.89,19.32,1.80%,-7.75%,-1.30%,5.00%,5.20%,40.21,0.55%,"129,487"
0,341,SY,1.17B,217.84,2.57,-,6.24,2.94,2.75,-,413.60%,383.56%,-,-,-,11.11,-2.03%,"667,288"
1,342,SYKE,1.48B,28.65,12.64,2.86,0.88,1.76,11.26,15.31,33.00%,11.28%,2.60%,10.00%,4.00%,37.67,0.16%,"96,489"
2,343,SYNL,72.38M,-,-,-,0.27,0.80,361.92,5.93,-122.90%,-,-17.40%,12.40%,8.90%,7.80,3.17%,"44,888"
3,344,SYX,1.34B,22.89,18.64,1.27,1.37,8.01,17.13,-,-15.10%,13.24%,28.70%,18.00%,-14.80%,35.89,0.96%,"49,623"
4,345,TA,472.05M,7.16,22.00,1.43,0.09,0.70,1.68,2.76,43.50%,213.00%,-12.60%,5.00%,-4.70%,32.60,-3.46%,"71,549"
5,346,TACT,64.11M,-,-,-,1.89,2.31,71.24,-,-90.40%,53.20%,17.40%,20.00%,-2.90%,7.10,2.01%,"110,401"
6,347,TARA,279.87M,-,-,-,-,0.79,-,-,34.20%,20.80%,24.90%,-,-,24.21,0.25%,"40,171"
7,348,TARS,871.24M,-,-,-,-,-,10.10,-,-254.10%,-14.90%,-,-,-,41.33,-1.41%,"98,465"
8,349,TBBK,789.65M,13.34,8.17,1.11,3.96,1.41,2.61,-,-41.70%,25.09%,9.50%,12.00%,20.50%,13.65,0.59%,"138,409"
9,350,TCMD,891.16M,-,105.00,-,4.82,8.00,17.24,-,63.20%,202.40%,151.10%,5.00%,31.70%,44.94,3.12%,"139,353"
10,351,TELA,219.13M,-,-,-,12.59,3.85,2.69,-,2.60%,19.70%,-,-,-,15.04,-2.78%,"15,187"
11,352,TESS,53.04M,-,-,-,0.10,0.68,-,3.90,-490.70%,25.00%,-34.70%,10.00%,-0.30%,6.24,-3.41%,"50,115"
12,353,TIGR,1.14B,152.69,30.78,-,10.28,5.03,18.66,-,82.60%,116.81%,-,-,-,7.94,9.82%,"10,022,185"
13,354,TLK,23.16B,17.63,-,2.03,2.43,3.13,12.93,13.64,7.10%,-,5.40%,8.70%,8.60%,23.52,-0.17%,"211,416"
14,355,TLMD,616.54M,-,-,-,10.26,1.04,2055.13,-,-,41.00%,-,-,-,7.84,1.95%,"308,954"
15,356,TM,249.70B,15.84,14.75,2.00,0.99,1.06,2.98,31.07,13.10%,33.13%,1.20%,7.90%,1.90%,154.57,0.31%,"159,990"
16,357,TPL,5.69B,28.14,29.41,-,16.66,10.86,18.03,-,52.60%,14.76%,58.30%,-,54.80%,727.00,0.49%,"12,498"
17,358,TPTX,5.89B,-,-,-,235.61,7.33,8.28,-,-257.70%,-10.10%,-,-,-,121.85,-2.22%,"130,479"
18,359,TRIL,1.48B,-,-,-,12881.99,8.96,-,-,-26.90%,28.10%,-,-,-,14.71,9.61%,"3,739,604"
19,360,TRIT,771.22M,256.51,29.81,-,45.64,1.44,-,-,-,-,-,-,-,11.03,-7.47%,"4,059,128"
0,361,TRNS,259.75M,38.53,28.08,1.54,1.53,3.67,259.75,16.65,13.30%,45.64%,13.60%,25.00%,7.00%,34.68,3.18%,"33,100"
1,362,TRVI,42.59M,-,-,-,-,1.23,0.80,-,-37.60%,-7.20%,-,-,-,2.42,-4.72%,"120,521"
2,363,TTOO,185.03M,-,-,-,13.81,10.33,4.50,-,-2.80%,45.00%,20.70%,-,133.90%,1.24,-0.80%,"6,078,902"
3,364,TYME,158.82M,-,-,-,-,11.09,8.19,-,40.40%,25.00%,-,-,-,1.22,6.09%,"1,289,413"
4,365,UBS,54.70B,9.29,10.36,0.78,4.93,0.85,0.09,1.01,-2.80%,-10.97%,4.60%,11.92%,3.10%,14.13,0.50%,"1,658,387"
5,366,UEIC,725.00M,22.46,12.76,1.50,1.15,2.46,10.80,9.95,-81.90%,14.80%,-33.70%,15.00%,6.00%,52.46,0.88%,"22,686"
6,367,UFPT,348.10M,23.58,18.60,-,1.89,2.03,20.01,16.50,36.40%,53.21%,20.10%,-,7.30%,46.60,1.75%,"12,877"
7,368,UL,155.77B,22.08,19.62,3.20,2.48,8.29,21.47,-,-38.60%,24.63%,3.60%,6.90%,1.40%,60.36,-0.89%,"1,330,938"
8,369,USDP,92.24M,-,-,-,0.78,-,13.37,10.73,-69.60%,-,19.50%,-,25.80%,3.41,2.71%,"136,094"
9,370,VAPO,693.79M,-,-,-,7.09,5.34,4.99,-,-8.50%,3.90%,-,1.80%,-,26.86,-2.50%,"286,905"
10,371,VCEL,1.40B,30880.00,116.53,-,11.81,12.21,16.34,186.27,-8.20%,1938.46%,37.10%,-,32.60%,30.88,-1.97%,"542,056"
11,372,VEC,578.74M,18.97,13.29,-,0.41,2.04,9.09,18.26,2.20%,41.67%,7.00%,-,2.80%,49.72,1.78%,"48,633"
12,373,VIVE,9.82M,-,-,-,1.96,0.77,1.07,-,94.50%,66.80%,-,20.00%,135.80%,4.70,2.40%,"272,718"
13,374,VIVO,807.97M,17.50,17.47,1.03,3.18,3.24,15.10,18.08,88.20%,-9.86%,4.80%,17.00%,5.40%,18.69,-3.91%,"258,096"
14,375,VNDA,726.25M,37.44,29.66,-,3.01,1.63,2.08,17.54,343.30%,-9.03%,30.80%,-,35.30%,13.14,-1.13%,"240,635"
15,376,VOD,43.49B,15.83,27.93,0.62,0.80,0.68,2.26,-,80.80%,11.95%,-16.10%,25.50%,-1.50%,16.48,-1.02%,"4,213,092"
16,377,VPG,431.91M,29.48,20.22,1.84,1.64,1.69,4.81,40.37,-6.60%,18.85%,49.20%,16.00%,2.60%,31.48,-0.57%,"35,995"
17,378,VRNA,362.73M,-,-,-,-,1.53,-,-,32.10%,22.00%,-,-,-,7.00,-0.99%,"41,306"
18,379,VRRM,2.17B,312.09,68.47,315.25,5.35,6.30,16.82,41.71,130.90%,-,-,0.99%,-,13.42,-0.45%,"842,321"
19,380,VRS,405.07M,3.45,21.16,-,0.25,0.56,5.55,-,-43.90%,254.10%,19.30%,-,13.50%,12.02,0.08%,"119,766"
0,381,VRTV,332.43M,63.97,10.66,-,0.05,0.61,2.95,1.28,-283.90%,3800.00%,-2.60%,-,0.70%,20.79,0.73%,"76,120"
1,382,WATT,98.82M,-,-,-,329.40,4.00,5.71,-,36.40%,40.00%,26.10%,-,-,1.80,-9.55%,"3,911,872"
2,383,WBK,53.86B,30.85,12.88,14.02,2.63,1.04,0.68,1.27,-66.40%,11.68%,-23.80%,2.20%,-3.50%,14.90,-0.40%,"85,515"
3,384,WGO,2.00B,19.40,9.96,1.29,0.78,2.31,7.33,14.39,-47.90%,2.03%,3.80%,15.00%,19.30%,59.94,-4.68%,"1,151,292"
4,385,WINT,82.29M,-,-,-,-,1.12,-,-,89.20%,12.40%,64.30%,-,-41.30%,5.13,0.39%,"19,062"
5,386,WIRE,1.24B,20.09,18.09,2.01,1.03,1.53,5.71,40.35,-25.90%,4.59%,9.20%,10.00%,1.80%,60.57,0.33%,"139,984"
6,387,WLDN,507.07M,-,18.33,-,1.20,2.95,45.27,20.12,-60.00%,82.00%,-19.50%,-,32.60%,41.70,1.86%,"97,199"
7,388,WNS,3.57B,35.86,23.75,3.59,3.89,5.29,12.63,-,11.70%,23.74%,15.40%,10.00%,11.70%,72.05,-0.95%,"64,247"
8,389,XAIR,92.65M,-,-,-,132.35,5.61,-,-,-130.50%,16.30%,-43.90%,-,-,5.27,-1.50%,"219,509"
9,390,XENE,535.69M,-,-,-,17.68,3.09,2.81,-,5.20%,-47.70%,-29.80%,-,-24.80%,15.38,-4.11%,"175,970"
10,391,YI,542.38M,-,-,-,0.51,7.81,3.14,-,-31.00%,26.50%,-,-,-,6.95,1.31%,"627,226"
11,392,YORW,603.47M,37.28,36.69,7.61,11.28,4.29,55.36,-,7.20%,1.60%,4.50%,4.90%,2.40%,46.60,-0.11%,"19,369"
12,393,YTEN,19.59M,-,-,-,27.99,1.21,1.66,-,4.00%,45.00%,-,0.00%,-22.00%,5.78,-1.03%,"79,511"
13,394,ZDGE,75.26M,58.08,21.57,-,6.72,7.37,11.95,30.10,84.90%,115.38%,-24.10%,-,0.90%,6.04,-0.33%,"285,076"
14,395,ZIXI,494.07M,-,13.32,-,2.34,13.28,20.85,39.84,-260.90%,8.00%,-54.10%,20.00%,28.10%,8.63,1.05%,"331,661"
15,396,ZNTL,2.11B,-,-,-,-,5.78,5.75,-,-116.80%,23.20%,-,-,-,51.94,-6.75%,"254,880"
16,397,ZVO,155.19M,-,11.85,-,0.39,1.35,1.77,27.71,136.20%,135.29%,-61.40%,20.00%,-8.10%,4.74,6.76%,"364,600"
